E807 .H34,2.31207E+16,"Off the record with F.D.R., 1942-1945 /",3.184E+13,Main Collection,None,"0e""807 h34", 
E807 .H35,2.31207E+16,"Franklin D. Roosevelt, an informal biography,",3.184E+13,Main Collection,None,"0e""807 h35", 
E807 .J36 2003,2.31221E+16,That man : an insider's portrait of Franklin D. Roosevelt /,3.184E+13,Main Collection,None,"0e""807 j36 2003", 
E807 .K48 1991,2.3101E+16,The juggler : Franklin Roosevelt as wartime statesman /,3.184E+13,Main Collection,None,"0e""807 k48 1991", 
E807 .L26 1987,2.31133E+16,"Commander in chief : Franklin Delano Roosevelt, his lieutenants, and their war /",3.184E+13,Main Collection,None,"0e""807 l26 1987", 
E807 .M2,2.31207E+16,White house physician /,3.184E+13,Main Collection,None,"0e""807 m2", 
E807 .M3,2.31204E+16,Mr. Roosevelt's three wars : FDR as war leader.,3.184E+13,Main Collection,None,"0e""807 m3", 
E807 .M38 2004,2.31033E+16,Reconsidering Roosevelt on race : how the presidency paved the road to Brown /,3.184E+13,Main Collection,None,"0e""807 m38 2004", 
E807 .M54,2.31274E+16,FDR : an intimate history /,3.184E+13,Main Collection,None,"0e""807 m54", 
E807 .M75 1985,2.39663E+15,FDR : a biography /,3.184E+13,Main Collection,None,"0e""807 m75 1985", 
E807 .N55 1988,2.31109E+16,Roosevelt and Stalin : the failed courtship /,3.184E+13,Main Collection,None,"0e""807 n55 1988", 
E807 .P27 1989,2.39787E+15,Roosevelt and Marshall : partners in politics and war /,3.184E+13,Main Collection,None,"0e""807 p27 1989", 
E807 .P43 2008,2.31232E+16,"Franklin and Lucy : President Roosevelt, Mrs. Rutherfurd, and the other remarkable women in his life /",3.184E+13,Main Collection,None,"0e""807 p43 2008", 
E807 .R3 1950,2.31222E+16,Roosevelt: from Munich to Pearl Harbor; a study in the creation of a foreign policy.,3.184E+13,Main Collection,None,"0e""807 r3 1950", 
E807 .R627,2.31222E+16,Roosevelt and Howe.,3.184E+13,Main Collection,None,"0e""807 r627", 
E807 .R635,2.39868E+15,An untold story : the Roosevelts of Hyde Park /,3.184E+13,Main Collection,None,"0e""807 r635", 
E807 .R6482,2.31172E+16,The F.D.R. memoirs /,3.184E+13,Main Collection,None,"0e""807 r6482", 
E807 .R649,2.31172E+16,"F.D.R., his personal letters /",3.184E+13,Main Collection,None,"0e""807 r649",v.4
E807 .R649,2.31172E+16,"F.D.R., his personal letters /",3.184E+13,Main Collection,None,"0e""807 r649",v.3
E807 .R649,2.31172E+16,"F.D.R., his personal letters /",3.184E+13,Main Collection,None,"0e""807 r649",v.2
E807 .R649,2.31172E+16,"F.D.R., his personal letters /",3.184E+13,Main Collection,None,"0e""807 r649",v.1
E807 .R656,2.31172E+16,"Roosevelt and Frankfurter: their correspondence, 1928-1945,",3.184E+13,Main Collection,None,"0e""807 r656", 
E807 .R657 1975,2.3106E+16,"Affectionately, F.D.R. : a son's story of a courageous man /",3.184E+13,Main Collection,None,"0e""807 r657 1975", 
E807 .R658,2.31128E+16,My parents : a differing view /,3.184E+13,Main Collection,None,"0e""807 r658", 
E807 .R73,2.31163E+16,Working with Roosevelt /,3.184E+13,Main Collection,None,"0e""807 r73", 
E807 .R75,2.39932E+15,"This democratic Roosevelt; the life story of ""F. D.""; an authentic biography,",3.184E+13,Main Collection,None,"0e""807 r75", 
E807 .S28 1991,2.31006E+16,"Roosevelt, the party leader, 1932-1945 /",3.184E+13,Main Collection,None,"0e""807 s28 1991", 
E807 .S45,2.31171E+16,Roosevelt and Hopkins : an intimate history /,3.184E+13,Main Collection,None,"0e""807 s45", 
E807 .S49 2010,2.31193E+16,Prelude to catastrophe : FDR's Jews and the menace of Nazism /,3.184E+13,Main Collection,None,"0e""807 s49 2010", 
E807 .S55 2008,2.31112E+16,FDR and Reagan : transformative presidents with clashing visions /,3.184E+13,Main Collection,None,"0e""807 s55 2008", 
E807 .S58 2007,2.3106E+16,FDR /,3.184E+13,Main Collection,None,"0e""807 s58 2007", 
E807 .S89 1995,2.31147E+16,Closest companion : the unknown story of the intimate friendship between Franklin Roosevelt and Margaret Suckley /,3.184E+13,Main Collection,None,"0e""807 s89 1995", 
E807 .T63 2013,2.31261E+16,The man he became : how FDR defied polio to win the presidency /,3.184E+13,Main Collection,None,"0e""807 t63 2013", 
E807 .T76,2.31208E+16,The democratic Roosevelt : a biography of Franklin D. Roosevelt /,3.184E+13,Main Collection,None,"0e""807 t76", 
E807 .T76,2.31208E+16,The democratic Roosevelt : a biography of Franklin D. Roosevelt /,3.184E+13,Main Collection,None,"0e""807 t76", 
E807 .T763,2.31222E+16,F.D.R. : architect of an era /,3.184E+13,Main Collection,None,"0e""807 t763", 
E807 .T765,2.31099E+16,In search of Roosevelt,3.184E+13,Main Collection,None,"0e""807 t765", 
E807 .T78,2.31172E+16,"F.D.R., my boss;",3.184E+13,Main Collection,None,"0e""807 t78", 
E807 .U53 1996,2.31038E+16,FDR and Harry : unparalleled lives /,3.184E+13,Main Collection,None,"0e""807 u53 1996", 
E807 .W327 1985,2.31015E+16,"Before the trumpet : young Franklin Roosevelt, 1882-1905 /",3.184E+13,Main Collection,None,"0e""807 w327 1985", 
E807 .W328 1989,2.31E+16,A first-class temperament : the emergence of Franklin Roosevelt /,3.184E+13,Main Collection,None,"0e""807 w328 1989", 
E807 .W425 2013,2.31097E+16,"Young Mr. Roosevelt : FDR's introduction to war, politics and life /",3.184E+13,Main Collection,None,"0e""807 w425 2013", 
E807 .W44 1983,2.31239E+16,Farewell to the party of Lincoln : Black politics in the age of FDR /,3.184E+13,Main Collection,None,"0e""807 w44 1983", 
E807 .W46 1996,2.31131E+16,The president's man : Leo Crowley and Franklin Roosevelt in peace and war /,3.184E+13,Main Collection,None,"0e""807 w46 1996", 
E807 .W545,2.31199E+16,Majesty & mischief; a mixed tribute to F.D.R.,3.184E+13,Main Collection,None,"0e""807 w545", 
E807 .W58 1990,2.31074E+16,FDR and the news media /,3.184E+13,Main Collection,None,"0e""807 w58 1990", 
E807.1 .B43 2010,2.31188E+16,Eleanor Roosevelt : transformative first lady /,3.184E+13,Main Collection,None,"0e""807.1 b43 2010", 
E807.1.R345 A3 2008,2.31029E+16,"Too close to the sun : growing up in the shadow of my grandparents, Franklin and Eleanor /",3.184E+13,Main Collection,None,"0e""807.1 r345 a3 2008", 
E807.1 .R4 2001,2.31149E+16,The Eleanor Roosevelt encyclopedia /,3.184E+13,Main Collection,None,"0e""807.1 r4 2001", 
E807.1 .R418 1982,2.31184E+16,Mother & daughter : the letters of Eleanor and Anna Roosevelt /,3.184E+13,Main Collection,None,"0e""807.1 r418 1982", 
E807.1 .R424,2.31197E+16,On my own /,3.184E+13,Main Collection,None,"0e""807.1 r424", 
E807.1 .R428,2.31224E+16,This I remember /,3.184E+13,Main Collection,None,"0e""807.1 r428", 
E807.1 .R428 1975,2.31223E+16,This I remember /,3.184E+13,Main Collection,None,"0e""807.1 r428 1975", 
E807.1.R48 A3 1992,2.31034E+16,The autobiography of Eleanor Roosevelt.,3.184E+13,Main Collection,Missing,"0e""807.1 r48 a3 1992", 
E807.1.R48 A3 1998,2.31246E+16,Empty without you : the intimate letters of Eleanor Roosevelt and Lorena Hickok /,3.184E+13,Main Collection,None,"0e""807.1 r48 a3 1998", 
E807.1.R48 A3 1999,2.31057E+16,Courage in a dangerous world : the political writings of Eleanor Roosevelt /,3.184E+13,Main Collection,None,"0e""807.1 r48 a3 1999", 
E807.1.R48 A4 2001,2.31056E+16,It seems to me : selected letters of Eleanor Roosevelt /,3.184E+13,Main Collection,None,"0e""807.1 r48 a4 2001", 
E807.1.R48 A4 2002,2.31003E+16,Eleanor and Harry : the correspondence of Eleanor Roosevelt and Harry S. Truman /,3.184E+13,Main Collection,None,"0e""807.1 r48 a4 2002", 
E807.1.R48 B45 2017,2.31168E+16,"The firebrand and the First Lady : portrait of a friendship : Pauli Murray, Eleanor Roosevelt, and the struggle for social justice /",3.184E+13,Main Collection,None,"0e""807.1 r48 b45 2017", 
E807.1.R48 B53 1996,2.31025E+16,Casting her own shadow : Eleanor Roosevelt and the shaping of Postwar liberalism /,3.184E+13,Main Collection,None,"0e""807.1 r48 b53 1996", 
E807.1.R48 B88 1984,2.39746E+15,"Eleanor Roosevelt, an eager spirit : the letters of Dorothy Dow, 1933-1945 /",3.184E+13,Main Collection,None,"0e""807.1 r48 b88 1984", 
E807.1.R48 C66 1992,2.31123E+16,Eleanor Roosevelt /,3.184E+13,Main Collection,None,"0e""807.1 r48 c66 1992",v.3
E807.1.R48 C66 1992,2.31123E+16,Eleanor Roosevelt /,3.184E+13,Main Collection,None,"0e""807.1 r48 c66 1992",v.2
E807.1.R48 C66 1992,2.31123E+16,Eleanor Roosevelt /,3.184E+13,Main Collection,None,"0e""807.1 r48 c66 1992",v.1
E807.1.R48 D43 2002,2.31135E+16,Dear Mrs. Roosevelt : letters from children of the Great Depression /,3.184E+13,Main Collection,None,"0e""807.1 r48 d43 2002", 
E807.1.R48 G87 2002,2.31218E+16,Kindred souls : the friendship of Eleanor Roosevelt and David Gurewitsch /,3.184E+13,Main Collection,None,"0e""807.1 r48 g87 2002", 
E807.1.R48 L37,2.31263E+16,"Love, Eleanor : Eleanor Roosevelt and her friends /",3.184E+13,Main Collection,None,"0e""807.1 r48 l37", 
E807.1.R48 L38 1984,2.31065E+16,"A world of love : Eleanor Roosevelt and her friends, 1943-1962 /",3.184E+13,Main Collection,None,"0e""807.1 r48 l38 1984", 
E807.1.R48 O34 2010,2.31119E+16,She was one of us : Eleanor Roosevelt and the American worker /,3.184E+13,Main Collection,None,"0e""807.1 r48 o34 2010", 
E807.1.R48 R65 2002,2.31182E+16,The easy hour /,3.184E+13,Main Collection,None,"0e""807.1 r48 r65 2002", 
E807.1.R48 S34 1987,2.31045E+16,Eleanor Roosevelt : first lady of American liberalism /,3.184E+13,Main Collection,None,"0e""807.1 r48 s34 1987", 
E807.1.R48 W473 2017,2.31835E+16,"The three Graces of Val-Kill : Eleanor Roosevelt, Marion Dickerman, and Nancy Cook in the place they made their own /",3.184E+13,Main Collection,None,"0e""807.1 r48 w473 2017", 
E807.1.R48 W48 1984,2.31144E+16,Without precedent : the life and career of Eleanor Roosevelt /,3.184E+13,Main Collection,None,"0e""807.1 r48 w48 1984", 
E807.1.R48 Y68 1985,2.31096E+16,Eleanor Roosevelt : a personal and public life /,3.184E+13,Main Collection,None,"0e""807.1 r48 y68 1985", 
E807.1 .R539,2.31161E+16,"Eleanor and Franklin : the story of their relationship, based on Eleanor Roosevelt's private papers /",3.184E+13,Main Collection,None,"0e""807.1 r539", 
E807.1 .R574,2.31099E+16,Eleanor: the years alone,3.184E+13,Main Collection,None,"0e""807.1 r574", 
E810 .L33,2.31098E+16,"America at the crossroads. Alfred M. Landon's program for American government. His interpretation of the political, economic and social principles of the Republican party;",3.184E+13,Main Collection,None,"0e""810 l33", 
E811 .D53 1974,2.31283E+16,"Foreign policy and U.S. presidential elections, 1940-1948,",3.184E+13,Main Collection,None,"0e""811 d53 1974", 
E811 .D6,2.31099E+16,Private plans and public dangers : the story of FDR's third nomination /,3.184E+13,Main Collection,None,"0e""811 d6", 
E811 .D86 2013,2.31179E+16,"1940 : FDR, Willkie, Lindbergh, Hitler--the election amid the storm /",3.184E+13,Main Collection,None,"0e""811 d86 2013", 
E811 .P47 2005,2.39647E+15,"Five days in Philadelphia : the amazing ""We want Wilkie!"" convention of 1940 and how it freed FDR to save the Western World /",3.184E+13,Main Collection,None,"0e""811 p47 2005", 
E812 .D38 2014,2.31252E+16,"Politics as usual : Thomas Dewey, Franklin Roosevelt, and the wartime presidential campaign of 1944 /",3.184E+13,Main Collection,None,"0e""812 d38 2014", 
E812 .F47 1994,2.31161E+16,Choosing Truman : the Democratic Convention of 1944 /,3.184E+13,Main Collection,None,"0e""812 f47 1994", 
E812 .G3,2.31099E+16,"The first round; the story of the CIO Political action committee,",3.184E+13,Main Collection,None,"0e""812 g3", 
E812 .J67 2011,2.31004E+16,"FDR, Dewey, and the election of 1944 /",3.184E+13,Main Collection,None,"0e""812 j67 2011", 
E812 .W38 2012,2.31074E+16,Final victory : FDR's extraordinary World War II Presidential Campaign /,3.184E+13,Main Collection,None,"0e""812 w38 2012", 
E812 .W48,2.31098E+16,"An American program,",3.184E+13,Main Collection,None,"0e""812 w48", 
E813 .A2,2.31239E+16,The Truman scandals /,3.184E+13,Main Collection,None,"0e""813 a2", 
E813 .A62,2.31221E+16,The unquiet years : U.S.A. 1945-1955 /,3.184E+13,Main Collection,None,"0e""813 a62", 
E813 .A7,2.31222E+16,"The Truman merry-go-round,",3.184E+13,Main Collection,None,"0e""813 a7", 
E813 .A75,2.31098E+16,Atomic diplomacy: Hiroshima and Potsdam; the use of the atomic bomb and the American confrontation with Soviet power.,3.184E+13,Main Collection,None,"0e""813 a75", 
E813 .A8 1962,2.31222E+16,The era of McCarthyism.,3.184E+13,Main Collection,None,"0e""813 a8 1962", 
E813 .B44 2004,2.3105E+16,The liberal state on trial : the Cold War and American politics in the Truman years /,3.184E+13,Main Collection,None,"0e""813 b44 2004", 
E813 .B45,2.31221E+16,"The Truman administration; a documentary history,",3.184E+13,Main Collection,None,"0e""813 b45", 
E813 .B55,2.31164E+16,The Herblock book /,3.184E+13,Main Collection,None,"0e""813 b55", 
E813 .C68,2.39898E+15,"Containment : documents on American policy and strategy, 1945-1950 /",3.184E+13,Main Collection,None,"0e""813 c68", 
E813 .D57,2.31144E+16,Not to the swift : the old isolationists in the cold war era /,3.184E+13,Main Collection,Missing,"0e""813 d57", 
E813 .D59 1997,2.3105E+16,"Abundance and anxiety : America, 1945-1960 /",3.184E+13,Main Collection,None,"0e""813 d59 1997", 
E813 .D6 1977,2.31203E+16,"Conflict and crisis : the Presidency of Harry S. Truman, 1945-1948 /",3.184E+13,Main Collection,None,"0e""813 d6 1977", 
E813 .D63 1982,2.31168E+16,"Tumultuous years : the presidency of Harry S. Truman, 1949-1953 /",3.184E+13,Main Collection,None,"0e""813 d63 1982", 
E813 .D86 2006,2.31041E+16,America in the fifties /,3.184E+13,Main Collection,None,"0e""813 d86 2006", 
E813 .F6,2.31172E+16,The Forrestal diaries /,3.184E+13,Main Collection,None,"0e""813 f6", 
E813 .F6,2.31172E+16,The Forrestal diaries /,3.184E+13,Main Collection,None,"0e""813 f6", 
E813 .F68 2000,2.3959E+15,To lead the free world : American nationalism and the cultural roots of the Cold War /,3.184E+13,Main Collection,None,"0e""813 f68 2000", 
E813 .F695 2022,2.32952E+16,"The trials of Harry S. Truman : the extraordinary presidency of an ordinary man, 1945-1953 /",3.184E+13,Main Collection,None,"0e""813 f695 2022", 
E813 .F74 1971,2.31099E+16,"The Truman Doctrine and the origins of McCarthyism; foreign policy, domestic politics, and internal security, 1946-1948",3.184E+13,Main Collection,None,"0e""813 f74 1971", 
E813 .G27,2.31098E+16,"Architects of illusion: men and ideas in American foreign policy, 1941-1949 /",3.184E+13,Main Collection,None,"0e""813 g27", 
E813 .G27,2.31098E+16,"Architects of illusion: men and ideas in American foreign policy, 1941-1949 /",3.184E+13,Main Collection,None,"0e""813 g27", 
E813 .G6,2.31221E+16,"The crucial decade : America, 1945-1955.",3.184E+13,Main Collection,None,"0e""813 g6", 
E813 .H26,2.31098E+16,Beyond the New Deal: Harry S. Truman and American liberalism,3.184E+13,Main Collection,None,"0e""813 h26", 
E813 .H26,2.31098E+16,Beyond the New Deal: Harry S. Truman and American liberalism,3.184E+13,Main Collection,None,"0e""813 h26", 
E813 .H27 1974,2.31043E+16,Harry S. Truman and the Fair Deal /,3.184E+13,Main Collection,None,"0e""813 h27 1974", 
E813 .H366,2.31098E+16,"The politics of loyalty; the White House and the Communist issue, 1946-1952",3.184E+13,Main Collection,None,"0e""813 h366", 
E813 .H39,2.31099E+16,Truman and the 80th Congress,3.184E+13,Main Collection,None,"0e""813 h39", 
E813 .H58 1998,2.31247E+16,"A cross of iron : Harry S. Truman and the origins of the national security state, 1945-1954 /",3.184E+13,Main Collection,None,"0e""813 h58 1998", 
E813 .H6,2.31093E+16,"Addresses upon the American road, 1948-1950.",3.184E+13,Main Collection,None,"0e""813 h6", 
E813 .H8 1959,2.31126E+16,"America the vincible. A brief inquiry, written with much anxiety and some anger, dealing with matters of foreign policy, seeking probable sources of our peril and causes of our fears, as well as the suggestion of possible ways by which we might, while enduring the stern trial, hold hope, tempered by reason, to live in freedom more profound & peace less precarious.",3.184E+13,Main Collection,None,"0e""813 h8 1959", 
E813 .I54 2008,2.31111E+16,"Religion and American foreign policy, 1945-1960 : the soul of containment /",3.184E+13,Main Collection,None,"0e""813 i54 2008", 
E813 .J6 1964,2.31093E+16,"The fifteen weeks, February 21-June 5, 1947.",3.184E+13,Main Collection,None,"0e""813 j6 1964", 
E813 .K37 1999,2.31107E+16,"Architects of intervention : the United States, the Third World, and the Cold War, 1946-1962 /",3.184E+13,Main Collection,None,"0e""813 k37 1999", 
E813 .L45 1991,2.3103E+16,"A preponderance of power : national security, the Truman administration, and the Cold War /",3.184E+13,Main Collection,None,"0e""813 l45 1991", 
E813 .M32,2.31093E+16,"Quest and response; minority rights and the Truman administration,",3.184E+13,Main Collection,None,"0e""813 m32", 
E813 .M57 2007,2.31126E+16,"From Roosevelt to Truman : Potsdam, Hiroshima, and the Cold War /",3.184E+13,Main Collection,None,"0e""813 m57 2007", 
E813 .O55 1986,2.31234E+16,"American high : the years of confidence, 1945-1960 /",3.184E+13,Main Collection,Missing,"0e""813 o55 1986", 
E813 .P5 1966,2.31223E+16,The Truman Presidency : the history of a triumphant succession /,3.184E+13,Main Collection,None,"0e""813 p5 1966", 
E813 .P6 1970,2.31092E+16,Politics and policies of the Truman Administration.,3.184E+13,Main Collection,None,"0e""813 p6 1970", 
E813 .R4,2.31093E+16,"United States foreign policy, 1945-1955,",3.184E+13,Main Collection,None,"0e""813 r4", 
E813 .R56 1999,2.39986E+15,The Cold War comes to Main Street : America in 1950 /,3.184E+13,Main Collection,None,"0e""813 r56 1999", 
E813 .R57 v.1,2.31115E+16,Dubious victory : the United States and the end of World War II /,3.184E+13,Main Collection,None,"0e""813 r57 v 1", 
E813 .S54 2013,2.31168E+16,Harry Truman and the struggle for racial justice /,3.184E+13,Main Collection,None,"0e""813 s54 2013", 
E813 .T48,2.31172E+16,Seeds of repression : Harry S. Truman and the origins of McCarthyism /,3.184E+13,Main Collection,None,"0e""813 t48", 
E813 .T48,2.31172E+16,Seeds of repression : Harry S. Truman and the origins of McCarthyism /,3.184E+13,Main Collection,None,"0e""813 t48", 
E813 .T5,2.31158E+16,"The Yalta myths: an issue in U.S. politics, 1945-1955",3.184E+13,Main Collection,None,"0e""813 t5", 
E813 .T68,2.31171E+16,The Truman administration : its principles and practice /,3.184E+13,Main Collection,None,"0e""813 t68", 
E813 .T72,2.31128E+16,The Truman period as a research field.,3.184E+13,Main Collection,None,"0e""813 t72", 
E813 .T73,2.3127E+16,"The Truman period as a research field, a reappraisal, 1972.",3.184E+13,Main Collection,None,"0e""813 t73", 
E813 .T74 1989,2.39762E+15,The Truman presidency /,3.184E+13,Main Collection,None,"0e""813 t74 1989", 
E813 .T82,2.31154E+16,Off course; from Truman to Nixon,3.184E+13,Main Collection,None,"0e""813 t82", 
E813 .V3,2.31222E+16,The private papers of Senator Vandenberg /,3.184E+13,Main Collection,None,"0e""813 v3", 
E813 .W58 1991,2.31013E+16,Dawning of the Cold War : the United States' quest for order /,3.184E+13,Main Collection,None,"0e""813 w58 1991", 
E814 .A4 1982b,2.31043E+16,Strictly personal and confidential : the letters Harry Truman never mailed /,3.184E+13,Main Collection,None,"0e""814 a4 1982b 0", 
E814 .A4 1983,2.31065E+16,"Dear Bess : the letters from Harry to Bess Truman, 1910-1959 /",3.184E+13,Main Collection,None,"0e""814 a4 1983", 
E814.A4 2010,2.39656E+15,"Affection and trust : the personal correspondence of Harry S. Truman and Dean Acheson, 1953-1971 /",3.184E+13,Main Collection,None,"0e""814 a4 2010", 
E814 .B45 2008,2.31248E+16,Selling the American way : U.S. propaganda and the Cold War /,3.184E+13,Main Collection,Missing,"0e""814 b45 2008", 
E814 .B46 1997,2.31188E+16,Harry S. Truman and the founding of Israel /,3.184E+13,Main Collection,None,"0e""814 b46 1997", 
E814 .C827 1990,2.31162E+16,Truman and Israel /,3.184E+13,Main Collection,None,"0e""814 c827 1990", 
E814 .D86 1984,2.39661E+15,The Truman scandals and the politics of morality /,3.184E+13,Main Collection,None,"0e""814 d86 1984", 
E814 .F46 1994,2.3103E+16,Harry S. Truman : a life /,3.184E+13,Main Collection,None,"0e""814 f46 1994", 
E814 .F48 1984,2.3102E+16,"Truman, a centenary remembrance /",3.184E+13,Main Collection,None,"0e""814 f48 1984", 
E814 .G37 2002,2.31258E+16,Harry Truman and civil rights : moral courage and political risks /,3.184E+13,Main Collection,None,"0e""814 g37 2002", 
E814 .G52 1984,2.31123E+16,Truman in cartoon and caricature /,3.184E+13,Main Collection,None,"0e""814 g52 1984", 
E814 .G67,2.31094E+16,Truman's crises : a political biography of Harry S. Truman /,3.184E+13,Main Collection,None,"0e""814 g67", 
E814 .H28 1995,2.31148E+16,Man of the people : a life of Harry S. Truman /,3.184E+13,Main Collection,None,"0e""814 h28 1995", 
E814 .H338 1986,2.31234E+16,"Harry S. Truman, the man from Independence /",3.184E+13,Main Collection,None,"0e""814 h338 1986", 
E814 .H377,2.31142E+16,Working with Truman : a personal memoir of the White House years /,3.184E+13,Main Collection,None,"0e""814 h377", 
E814 .H86 2005,2.39803E+15,"American gunfight : the plot to kill Harry Truman, and the shoot-out that stopped it /",3.184E+13,Main Collection,None,"0e""814 h86 2005", 
E814 .J46 1986,2.39784E+15,Truman /,3.184E+13,Main Collection,None,"0e""814 j46 1986", 
E814 .M26 1992,2.31086E+16,Truman /,3.184E+13,Main Collection,None,"0e""814 m26 1992", 
E814 .M27,2.31223E+16,"Harry Truman, President",3.184E+13,Main Collection,None,"0e""814 m27", 
E814 .M38 1984,2.31197E+16,The presidency of Harry S. Truman /,3.184E+13,Main Collection,Loan,"0e""814 m38 1984", 
E814 .M54 1974,2.31112E+16,Plain speaking : an oral biography of Harry S. Truman /,3.184E+13,Main Collection,None,"0e""814 m54 1974", 
E814 .M55 1986,2.3127E+16,Truman : the rise to power /,3.184E+13,Main Collection,None,"0e""814 m55 1986", 
E814 .M58 1998,2.31071E+16,"Harry S. Truman and the news media : contentious relations, belated respect /",3.184E+13,Main Collection,None,"0e""814 m58 1998", 
E814 .P46 1989,2.31E+16,Harry S. Truman : fair dealer and cold warrior /,3.184E+13,Main Collection,None,"0e""814 p46 1989", 
E814 .R34 2009,2.31276E+16,A safe haven : Harry S. Truman and the founding of Israel /,3.184E+13,Main Collection,None,"0e""814 r34 2009", 
E814 .R6,2.31163E+16,Last of his kind : an informal portrait of Harry S. Truman /,3.184E+13,Main Collection,None,"0e""814 r6", 
E814 .S28 1997,2.3127E+16,Truman and the Democratic Party /,3.184E+13,Main Collection,None,"0e""814 s28 1997", 
E814 .T74,2.31237E+16,The autobiography of Harry S. Truman /,3.184E+13,Main Collection,None,"0e""814 t74", 
E814 .T74,2.31237E+16,The autobiography of Harry S. Truman /,3.184E+13,Main Collection,None,"0e""814 t74", 
E814 .T75,2.31172E+16,Memoirs /,3.184E+13,Main Collection,None,"0e""814 t75",v.1
E814 .T75,2.31172E+16,Memoirs /,3.184E+13,Main Collection,None,"0e""814 t75",v.2
E814 .T75,2.31172E+16,Memoirs /,3.184E+13,Main Collection,None,"0e""814 t75",v.1
E814 .T75,2.31172E+16,Memoirs /,3.184E+13,Main Collection,None,"0e""814 t75",v.2
E814 .T75,2.31172E+16,Memoirs /,3.184E+13,Main Collection,None,"0e""814 t75",v.1
E814 .T8,2.31257E+16,Harry S. Truman /,3.184E+13,Main Collection,None,"0e""814 t8", 
E814 .T8,2.31257E+16,Harry S. Truman /,3.184E+13,Main Collection,None,"0e""814 t8", 
E814 .T83,2.31265E+16,Truman and the American commitment to Israel : a thirtieth anniversary conference /,3.184E+13,Main Collection,None,"0e""814 t83", 
E814.1.T68 T68 1986,2.31122E+16,Bess W. Truman /,3.184E+13,Main Collection,None,"0e""814.1 t68 t68 1986", 
E815 .B87 2012,2.31261E+16,Truman's triumphs : the 1948 election and the making of postwar America /,3.184E+13,Main Collection,None,"0e""815 b87 2012", 
E815 .E7,2.31222E+16,The people know best : the ballots vs. the polls /,3.184E+13,Main Collection,None,"0e""815 e7", 
E815 .G64 2008,2.31247E+16,Truman's whistle-stop campaign /,3.184E+13,Main Collection,None,"0e""815 g64 2008", 
E815 .K37 2000,2.31189E+16,The last campaign : how Harry Truman won the 1948 election /,3.184E+13,Main Collection,None,"0e""815 k37 2000", 
E815 .M45,2.31099E+16,Mencken's last campaign : H.L. Mencken on the 1948 election /,3.184E+13,Main Collection,None,"0e""815 m45", 
E815 .P54 2011,2.31145E+16,1948 : Harry Truman's improbable victory and the year that transformed America's role in the world /,3.184E+13,Main Collection,None,"0e""815 p54 2011", 
E815 .R4,2.31093E+16,Inside the Democratic Party.,3.184E+13,Main Collection,None,"0e""815 r4", 
E815 .R6,2.31093E+16,The loneliest campaign; the Truman victory of 1948.,3.184E+13,Main Collection,None,"0e""815 r6", 
E815 .W34 1976,2.31062E+16,"Henry Wallace, Harry Truman, and the Cold War /",3.184E+13,Main Collection,None,"0e""815 w34 1976", 
E815 .Y37,2.31224E+16,Democrats and Progressives; the 1948 presidential election as a test of postwar liberalism.,3.184E+13,Main Collection,None,"0e""815 y37", 
E816 .B55,2.31093E+16,One-party press? : coverage of the 1952 presidential campaign in 35 daily newspapers /,3.184E+13,Main Collection,None,"0e""816 b55", 
E816 .D58,2.31217E+16,"Foreign policy and U.S. presidential elections, 1952-1960,",3.184E+13,Main Collection,None,"0e""816 d58", 
E816 .E78,2.31095E+16,Class and party in the Eisenhower years; class roles and perspectives in the 1952 and 1956 elections.,3.184E+13,Main Collection,None,"0e""816 e78", 
E816 .G74 1985,2.31162E+16,The crusade : the presidential election of 1952 /,3.184E+13,Main Collection,None,"0e""816 g74 1985", 
E816 .H3,2.31093E+16,"Is there a Republican majority? : political trends, 1952-1956 /",3.184E+13,Main Collection,None,"0e""816 h3", 
E816 .J6,2.31093E+16,How we drafted Adlai Stevenson.,3.184E+13,Main Collection,None,"0e""816 j6", 
E816 .S69,2.31093E+16,"Major campaign speeches, 1952.",3.184E+13,Main Collection,None,"0e""816 s69", 
E835 .A25,2.31092E+16,Power and diplomacy /,3.184E+13,Main Collection,None,"0e""835 a25", 
E835 .A3,2.31223E+16,Firsthand report : the story of the Eisenhower administration /,3.184E+13,Main Collection,None,"0e""835 a3", 
E835 .A645 1975,2.31113E+16,"Holding the line : the Eisenhower era, 1952-1961 /",3.184E+13,Main Collection,None,"0e""835 a645 1975", 
E835 .A645 1976,2.39909E+15,"Holding the line : the Eisenhower era, 1952-1961 /",3.184E+13,Main Collection,None,"0e""835 a645 1976", 
E835 .A65,2.31208E+16,Nixon & Rockefeller : a double portrait.,3.184E+13,Main Collection,None,"0e""835 a65", 
E835 .A72 1991,2.31009E+16,"Trapped by success : the Eisenhower administration and Vietnam, 1953-1961 /",3.184E+13,Main Collection,None,"0e""835 a72 1991", 
E835 .B4 1955,2.31171E+16,The new American right.,3.184E+13,Main Collection,None,"0e""835 b4 1955", 
E835 .B4 1963,2.31093E+16,The radical right. The new American right expanded and updated.,3.184E+13,Main Collection,None,"0e""835 b4 1963", 
E835 .B4 1964,2.31005E+16,The radical right.,3.184E+13,Main Collection,None,"0e""835 b4 1964", 
E835 .B66 1998,2.31154E+16,Waging peace : how Eisenhower shaped an enduring cold war strategy /,3.184E+13,Main Collection,None,"0e""835 b66 1998", 
E835 .B68,2.31092E+16,"Ideas, people and peace.",3.184E+13,Main Collection,None,"0e""835 b68", 
E835 .B684 1988,2.39698E+15,Cold warriors : Eisenhower's generation and American foreign policy /,3.184E+13,Main Collection,None,"0e""835 b684 1988", 
E835 .B685,2.31171E+16,"The Eisenhower administration, 1953-1961; a documentary history",3.184E+13,Main Collection,None,"0e""835 b685",v.2
E835 .B685,2.31171E+16,"The Eisenhower administration, 1953-1961; a documentary history",3.184E+13,Main Collection,None,"0e""835 b685",v.1
E835 .B7,2.31171E+16,Through these men; some aspects of our passing history.,3.184E+13,Main Collection,None,"0e""835 b7", 
E835 .C47 2008,2.31269E+16,Apocalypse management : Eisenhower and the discourse of national insecurity /,3.184E+13,Main Collection,None,"0e""835 c47 2008", 
E835 .C57,2.31272E+16,The declassified Eisenhower : a divided legacy /,3.184E+13,Main Collection,None,"0e""835 c57", 
E835 .D38,2.31093E+16,Two minutes till midnight.,3.184E+13,Main Collection,None,"0e""835 d38", 
E835 .D53,2.31022E+16,"Blowing on the wind : the nuclear test ban debate, 1954-1960 /",3.184E+13,Main Collection,None,"0e""835 d53", 
E835 .D535 1993,2.31068E+16,The Sputnik challenge /,3.184E+13,Main Collection,None,"0e""835 d535 1993", 
E835 .D54,2.31151E+16,Eisenhower and the cold war /,3.184E+13,Main Collection,None,"0e""835 d54", 
E835 .D6,2.39663E+15,Eisenhower : the inside story /,3.184E+13,Main Collection,None,"0e""835 d6", 
E835.D85 B4,2.31063E+16,John Foster Dulles : a biography /,3.184E+13,Main Collection,None,"0e""835 d85 b4", 
E835.D85 B47,2.31092E+16,"Dulles on diplomacy,",3.184E+13,Main Collection,None,"0e""835 d85 b47", 
E835.D85 D7,2.31171E+16,Duel at the brink : John Foster Dulles' command of American power /,3.184E+13,Main Collection,None,"0e""835 d85 d7", 
E835.D85 F5,2.31222E+16,Dulles over Suez : the theory and practice of his diplomacy /,3.184E+13,Main Collection,None,"0e""835 d85 f5", 
E835.D85 G6 1962,2.31127E+16,John Foster Dulles : a reappraisal /,3.184E+13,Main Collection,None,"0e""835 d85 g6 1962", 
E835.D85 G8,2.31093E+16,John Foster Dulles : a statesman and his times /,3.184E+13,Main Collection,None,"0e""835 d85 g8", 
E835.D85 H4,2.31044E+16,"John Foster Dulles, soldier for peace,",3.184E+13,Main Collection,None,"0e""835 d85 h4", 
E835.D85 H66,2.31092E+16,The devil and John Foster Dulles /,3.184E+13,Main Collection,None,"0e""835 d85 h66", 
E835.D85 H66,2.31092E+16,The devil and John Foster Dulles /,3.184E+13,Main Collection,None,"0e""835 d85 h66", 
E835 .E42,2.31224E+16,Peace with justice : selected addresses of Dwight D. Eisenhower /,3.184E+13,Main Collection,None,"0e""835 e42", 